{
    "data": {
        "Cryptography": [
            {
                "category": "Cryptography",
                "description": "In the past, Roman leader Julius Caesar is known to use an encryption in his private correspondence.\r\n\r\n[Download File](https://drive.google.com/uc?export=download&id=1BsZsJ9kPqb0zwWgRAqvYgrLASR3QNqJW)\r\n\r\nAuthor: fun",
                "files": [],
                "hints": [
                    "-"
                ],
                "id": 10,
                "name": "How to decrypt",
                "points": 378,
                "solves": 76
            },
            {
                "category": "Cryptography",
                "description": "Hey you! Yeah, you. If you have found this poster, may fate has brought us together. This challenge is only for a person who is patient enough to write an exceptionally long code just for a simple RSA. Are you scared? Haha.\r\n\r\n[Download File](https://drive.google.com/uc?export=download&id=1XgwYkwzRTIHuB0QXk_3aNRu2o7FO-RZF)\r\n\r\nAuthor: hilmo",
                "files": [],
                "hints": [
                    "-"
                ],
                "id": 12,
                "name": "lazy baby RSA",
                "points": 942,
                "solves": 20
            },
            {
                "category": "Cryptography",
                "description": "Today, your linear algebra lecturer taught you about something that you forgot the name of. You only remember two sentences. The first one is \"Which vectors stay parallel with the original vectors?\" and the second one is \"How many times the original vectors is longer or shorter than the thing mentioned in the first sentence?\"\r\n\r\n[Download File](https://drive.google.com/uc?export=download&id=14bU2ooItrD1g80IoH35eoJbXJeduOLq_)\r\n\r\nAuthor: hilmo",
                "files": [],
                "hints": [
                    "-"
                ],
                "id": 11,
                "name": "i love matrix",
                "points": 979,
                "solves": 12
            }
        ],
        "Forensics": [
            {
                "category": "Forensics",
                "description": "Janggar get a file from a mysterius person. The person want him to find the truth behind the file.\r\n\r\n[Download File](https://drive.google.com/uc?export=download&id=1HOe6Rg5wkGY2RTtfId_UwQkFUUscKt_T)\r\n\r\nAuthor: LevireG",
                "files": [],
                "hints": [
                    "-"
                ],
                "id": 13,
                "name": "bagas dribble",
                "points": 327,
                "solves": 79
            },
            {
                "category": "Forensics",
                "description": "Joe Biden mendapatkan sebuah file dari Vladimir Putin. Akan tetapi, setelah dibuka Joe Biden, filenya ternyata kosong. Bantulah Joe Biden untuk menemukan pesannya.\r\n\r\n[Download File](https://drive.google.com/uc?export=download&id=1LrJNaSv4Zcv57gHVf1cccqLCREuhugdB)\r\n\r\nAuthor: LevireG",
                "files": [],
                "hints": [
                    "-"
                ],
                "id": 14,
                "name": "File Kosong",
                "points": 588,
                "solves": 61
            },
            {
                "category": "Forensics",
                "description": "Alice found a python script that in its documentation promises to make it easy to crop images to a 1:1 ratio. However, Alice was scammed by that script, which actually removed the input image she inserted and transformed it into another file. Meanwhile, the image holds something important for her. Can you help Alice get that important thing back?\r\n\r\n[Download File](https://drive.google.com/uc?export=download&id=1v_89appFFaa96Yi4HeZppcn7tUYpWJya)\r\n\r\nAuthor: BROP",
                "files": [],
                "hints": [
                    "-"
                ],
                "id": 15,
                "name": "Image Cropper",
                "points": 972,
                "solves": 16
            }
        ],
        "MISC": [
            {
                "category": "MISC",
                "description": "Quandale Dingle ingin menghadiri acara EliteCoder Rizz Party, namun dia belum sigma. Salah satu syarat untuk menjadi sigma di kalangan Rizzler adalah dengan menggunakan NeoVim dan Arch Linux. Quandale sudah menggunakan Arch linux namun belum pernah menggunakan NeoVim. Para Rizzler yang sudah sigma mengetes Quandale Dingle dengan memberikan sebuah NeoVim plugin (github.com/dundorma/neobimenjoyer) yang didalamnya terdapat pesan tersembunyi. Bantulah Quandale Dingle untuk menginstall plugin dan menemukan pesan tersembunyi tersebut. (wrap the flag in FindITCTF{})\r\n\r\n[Download File](https://drive.google.com/uc?export=download&id=11lx54YACcsYUA7t9vQKuIGL34585J_EQ)\r\n\r\nAuthor: xxi0n",
                "files": [],
                "hints": [
                    "-"
                ],
                "id": 19,
                "name": "neobim enjoyer",
                "points": 982,
                "solves": 10
            },
            {
                "category": "MISC",
                "description": "Life's journey can often be fraught with deception and falsehoods, yet it is through these challenges that we learn and grow. Despite the obstacles and the temptation to veer off course, perseverance and determination are key. By staying true to ourselves and our goals, we can navigate through the deceit and emerge stronger and wiser on the other side. Remember, every battle against falsehoods brings us closer to the truth and to fulfilling our journey's purpose.\r\n\r\n[Download File](https://drive.google.com/uc?export=download&id=1_PwtfXvK-dyRTo2EWt3pwsu_UgV_4Qqr)\r\n\r\nAuthor: hilmo",
                "files": [],
                "hints": [
                    "-"
                ],
                "id": 22,
                "name": "your journey",
                "points": 901,
                "solves": 30
            },
            {
                "category": "MISC",
                "description": "ancrit foto waifuku napa malah jadi video woyyyy \ud83d\ude2d\ud83d\ude2d\ud83d\ude2d\r\n\r\nNote: The waifu name should be without spaces and in all lowercase letters.\r\n\r\n[Download File](https://drive.google.com/uc?export=download&id=1xwiCcDgRP2FMaEMer-cgCJKxd_jG__gX)\r\n\r\nAuthor: hilmo",
                "files": [],
                "hints": [
                    "This is my masterpiece, written with my friend. Yin and Yang are with us.",
                    "1 adalah putih 0 adalah hitam. Mereka bergerak dari dekat tempat di mana kursor bisa hilang di kedua sisi menuju ke tempat hanya 1 ujung kursor yang terlihat. Mereka melakukannya secara berulang ulang. Hingga akhirnya mereka berada di tempat kursor tidak bisa hilang lagi."
                ],
                "id": 21,
                "name": "waifuku",
                "points": 1000,
                "solves": 2
            }
        ],
        "OSINT": [
            {
                "category": "OSINT",
                "description": "One day, Asep wanted to contact me via a popular social media platform in Indonesia. However, he found something intriguing and took a screenshot: he discovered many Suzuki cars in there. He asked me to find the name among them that has the date \"2024-03-13 05:58\"\r\nFLAG =  FindITCTF{NAME}\r\n\r\n[Download File](https://drive.google.com/uc?export=download&id=1KX4Fj1J8k1gUl2Zr-Wwbqm1yq_mSnZf_)\r\n\r\nAuthor: hilmo",
                "files": [],
                "hints": [
                    "Sometimes you should \"twist\" your brain",
                    "website medsos populer di indonesia tapi perhatikan clue sebelumnya \ud83d\udc4d",
                    "Mungkinkah Asep salah ketik di keyboard dia? \npantas saja perusahaan besar banyak beli domain untuk 1 produk saja. Jika saja aku tahu Asep ada dimana mungkin sudah bisa kutebak pertanyaan dia \ud83d\ude2d.",
                    "ga ada hubungan sama sekali dengan pribadi manapun",
                    "Mungkin saja abang elceef bisa membantu kita dengan tools dia :(\n> kalau masih ga ketemu berarti ini bukan takdir kita\n> last hint"
                ],
                "id": 25,
                "name": "screenshot",
                "points": 998,
                "solves": 0
            }
        ],
        "PWN (Binary Exploitation)": [
            {
                "category": "PWN (Binary Exploitation)",
                "description": "Use the elevator and convince everyone you are the admin.\r\n\r\n[Download File](https://drive.google.com/uc?export=download&id=1fjDE4K8yuDH0QfhBSne_HwpItnzoxnYT)\r\n\r\nAuthor: tinygiant0902",
                "files": [],
                "hints": [
                    "-"
                ],
                "id": 24,
                "name": "Elevator",
                "points": 907,
                "solves": 29
            },
            {
                "category": "PWN (Binary Exploitation)",
                "description": "The \"Everything Machine\" is a volumetric printer that has the ability to copy and print any three dimensional object. The maintainer of the Everything Machine has received your feedback from last year and are proud to deploy the second model. But I think you can still force it to print a flag though.\r\n\r\n[Download File](https://drive.google.com/uc?export=download&id=1NZPZJ4lryCctWX36gvGIBW9BbwM7wEg7)\r\n\r\nAuthor : tinygiant#0902",
                "files": [],
                "hints": [
                    "-"
                ],
                "id": 26,
                "name": "Everything Machine 20",
                "points": 931,
                "solves": 24
            }
        ],
        "Reverse Engineering": [
            {
                "category": "Reverse Engineering",
                "description": "Sekarang giliran Wak Amba yang dikasih challenge sama Mas Faiz. Wak Amba dikasih satu file sama Mas Faiz, tapi pas filenya dibuka Wak Amba bingung, soalnya isinya kayak bahasa Assembly, tapi masih readable. Sekarang coba tolong Wak Amba ya rek!\r\n\r\n[Download File](https://drive.google.com/uc?export=download&id=1QKruKZzemp2dmfhr9GGuo3v6Ny4lJyRX)\r\n\r\nAuthor: pwnwas",
                "files": [],
                "hints": [
                    "-"
                ],
                "id": 20,
                "name": "is this python",
                "points": 712,
                "solves": 47
            },
            {
                "category": "Reverse Engineering",
                "description": "Woilah, cik! Mas Faiz dikasih challenge sama Wak Amba buat nyari tahu passwordnya Wak Amba. Mas Faiz dikasih 2 file, satu file buat nge-generate password, satu file buat ngecek password. Tolong Mas Faiz ya rek!\r\n\r\n[Download File](https://drive.google.com/uc?export=download&id=1gBZlpxzw_-qB7u5klsp-jVqHnlIlojdM)\r\n\r\nAuthor: pwnwas",
                "files": [],
                "hints": [
                    "-"
                ],
                "id": 23,
                "name": "Woilah Cik",
                "points": 894,
                "solves": 32
            }
        ],
        "Web Exploitation": [
            {
                "category": "Web Exploitation",
                "description": "Aku baru saja membuat website yang menggunakan cookies berbasis JWT menggunakan chatgpt, tapi ada yang salah sepertinya ketika mengenkripsi JWT-nya.\r\n\r\n[Download File](https://drive.google.com/uc?export=download&id=1H26IAOxMgX2GHKrtzkONeAIQ1Kgnfs7P)\r\n\r\nAuthor: repalfarel",
                "files": [],
                "hints": [
                    "-"
                ],
                "id": 17,
                "name": "kue",
                "points": 615,
                "solves": 60
            },
            {
                "category": "Web Exploitation",
                "description": "Just read the file!\r\n\r\n[Download File](https://drive.google.com/uc?export=download&id=188Ug2vjlq44DcKSH-SHSBxoathAfAvcN)\r\n\r\nAuthor: repalfarel",
                "files": [],
                "hints": [
                    "-"
                ],
                "id": 18,
                "name": "login dulu",
                "points": 887,
                "solves": 33
            }
        ]
    },
    "title": "CTF Find IT! 2024",
    "url": "https://ctf.find-it.id"
}